<?xml version="1.0" encoding="UTF-8"?>
<project-private xmlns="http://www.netbeans.org/ns/project-private/1">
    <editor-bookmarks xmlns="http://www.netbeans.org/ns/editor-bookmarks/2" lastBookmarkId="0"/>
    <open-files xmlns="http://www.netbeans.org/ns/projectui-open-files/2">
        <group>
            <file>file:/Users/raniellavillarama/NetBeansProjects/TheArchive/src/Models/Students.java</file>
            <file>file:/Users/raniellavillarama/NetBeansProjects/TheArchive/src/thearchive/ManageStudents.java</file>
            <file>file:/Users/raniellavillarama/NetBeansProjects/TheArchive/src/thearchive/AdminPage.java</file>
            <file>file:/Users/raniellavillarama/NetBeansProjects/TheArchive/src/thearchive/Warning.java</file>
            <file>file:/Users/raniellavillarama/NetBeansProjects/TheArchive/src/thearchive/MysqlConn.java</file>
            <file>file:/Users/raniellavillarama/NetBeansProjects/TheArchive/src/thearchive/ManageBooks.java</file>
            <file>file:/Users/raniellavillarama/NetBeansProjects/TheArchive/src/Models/Librarian.java</file>
            <file>file:/Users/raniellavillarama/NetBeansProjects/TheArchive/src/thearchive/LibrarianMainMenu.java</file>
            <file>file:/Users/raniellavillarama/NetBeansProjects/TheArchive/src/thearchive/TheArchive.java</file>
            <file>file:/Users/raniellavillarama/NetBeansProjects/TheArchive/src/thearchive/LogIn.java</file>
            <file>file:/Users/raniellavillarama/NetBeansProjects/TheArchive/src/Models/Books.java</file>
            <file>file:/Users/raniellavillarama/NetBeansProjects/TheArchive/src/Models/Admin.java</file>
        </group>
    </open-files>
</project-private>
